epoch,time,train/box_loss,train/cls_loss,train/dfl_loss,metrics/precision(B),metrics/recall(B),metrics/mAP50(B),metrics/mAP50-95(B),val/box_loss,val/cls_loss,val/dfl_loss,lr/pg0,lr/pg1,lr/pg2
1,14.7468,5.64182,105.169,3.18087,0,0,0,0,8.94936,18.0753,3.65238,0.00066087,0.00066087,0.00066087
2,27.9803,3.99145,8.24776,2.27919,0.00022,0.01466,0.0001,3e-05,2.85645,78.0305,1.37334,0.00132228,0.00132228,0.00132228
3,40.7401,3.77321,5.24235,1.95512,0.31069,0.14275,0.12942,0.03507,3.61156,2.32831,1.80816,0.00197841,0.00197841,0.00197841
4,53.6058,3.51442,3.69528,1.76368,0.33857,0.41642,0.22508,0.0773,3.54305,1.96914,1.73698,0.00197624,0.00197624,0.00197624
5,66.1448,3.43808,3.27591,1.68555,0.00325,0.21994,0.01296,0.00256,4.79994,2.72138,2.19032,0.00196832,0.00196832,0.00196832
6,78.6998,3.44499,2.74411,1.68344,0.33541,0.14801,0.13224,0.04019,4.29718,1.96157,1.7887,0.0019604,0.0019604,0.0019604
7,91.2769,3.21533,2.31416,1.61823,0.41162,0.27566,0.22527,0.0779,3.52196,1.74568,1.66719,0.00195248,0.00195248,0.00195248
8,104.237,3.24809,2.02417,1.63218,0.42555,0.34897,0.25769,0.08446,3.87474,1.66928,1.67929,0.00194456,0.00194456,0.00194456
9,117.171,3.25405,1.90498,1.59329,0.45923,0.50804,0.37221,0.11777,3.22635,1.21548,1.51042,0.00193664,0.00193664,0.00193664
10,129.957,3.27875,1.8239,1.57341,0.45798,0.51787,0.38517,0.10812,3.09219,1.22453,1.48641,0.00192872,0.00192872,0.00192872
11,142.676,3.19287,1.64769,1.57719,0.52037,0.58944,0.48877,0.17316,2.96707,1.04045,1.46708,0.0019208,0.0019208,0.0019208
12,155.268,3.21295,1.53408,1.57919,0.36237,0.28152,0.2543,0.08919,3.23818,1.48366,1.53898,0.00191288,0.00191288,0.00191288
13,168.044,3.11315,1.39605,1.54897,0.5989,0.65689,0.59526,0.20029,2.86059,0.88412,1.41594,0.00190496,0.00190496,0.00190496
14,180.631,3.1488,1.40102,1.53347,0.18878,0.1173,0.08343,0.0268,5.42018,1.66753,1.96552,0.00189704,0.00189704,0.00189704
15,193.249,3.19295,1.36057,1.53957,0.60475,0.65511,0.58115,0.20838,2.79554,0.89266,1.41273,0.00188912,0.00188912,0.00188912
16,205.833,3.05639,1.22797,1.52113,0.66321,0.65256,0.62032,0.21574,2.79801,0.88981,1.39646,0.0018812,0.0018812,0.0018812
17,218.771,3.05354,1.18862,1.50979,0.70751,0.61006,0.61262,0.2146,2.8902,1.01179,1.4154,0.00187328,0.00187328,0.00187328
18,231.699,3.05009,1.15446,1.53561,0.28664,0.27273,0.18783,0.0601,3.74506,1.44068,1.59779,0.00186536,0.00186536,0.00186536
19,245.059,2.97558,1.12999,1.5022,0.55966,0.53959,0.52455,0.17402,2.94486,1.02969,1.43042,0.00185744,0.00185744,0.00185744
20,258.343,2.95776,1.07657,1.52079,0.62975,0.55718,0.56561,0.20258,2.85575,1.11703,1.43022,0.00184952,0.00184952,0.00184952
21,271.155,3.06382,1.09332,1.50285,0.36857,0.48387,0.32595,0.10197,3.20834,1.15965,1.48394,0.0018416,0.0018416,0.0018416
22,283.81,2.95278,1.02999,1.50089,0.77597,0.68915,0.75707,0.27337,2.75772,0.77323,1.38033,0.00183368,0.00183368,0.00183368
23,296.968,2.99868,1.01823,1.51338,0.20625,0.22581,0.07706,0.0184,5.13805,1.32509,1.94574,0.00182576,0.00182576,0.00182576
24,309.64,3.00638,1.0628,1.5146,0.30165,0.40762,0.20731,0.05095,3.82284,1.19426,1.63269,0.00181784,0.00181784,0.00181784
25,322.721,3.04211,1.01284,1.51124,0.78804,0.62148,0.67223,0.23548,2.9573,0.84054,1.42269,0.00180992,0.00180992,0.00180992
26,335.278,3.03534,1.0112,1.53222,0.56008,0.46921,0.43973,0.17641,2.82325,1.17784,1.42621,0.001802,0.001802,0.001802
27,347.929,2.9274,0.95011,1.48292,0.36457,0.34897,0.20825,0.05387,3.91713,1.32031,1.62328,0.00179408,0.00179408,0.00179408
28,360.035,2.94379,0.97798,1.49564,0.06061,0.00587,0.03052,0.01984,5.37121,3.56952,2.71666,0.00178616,0.00178616,0.00178616
29,372.788,2.92863,0.96087,1.47904,0.27805,0.23167,0.1576,0.04162,3.57903,1.53718,1.56991,0.00177824,0.00177824,0.00177824
30,385.736,2.87083,0.94122,1.45579,0.59937,0.52786,0.5328,0.17708,3.26344,2.05922,1.55164,0.00177032,0.00177032,0.00177032
31,398.582,2.89392,0.91371,1.47472,0.81703,0.7566,0.78073,0.273,2.81734,0.74153,1.38682,0.0017624,0.0017624,0.0017624
32,411.281,3.03319,0.98234,1.46951,0.52664,0.48974,0.44272,0.12497,3.35126,1.12058,1.50177,0.00175448,0.00175448,0.00175448
33,424.168,2.91233,0.9353,1.48047,0.50011,0.5132,0.43003,0.16446,2.90476,1.25543,1.42297,0.00174656,0.00174656,0.00174656
34,437.334,2.92392,0.89759,1.47528,0.44701,0.59824,0.46874,0.16043,2.92002,1.00973,1.41826,0.00173864,0.00173864,0.00173864
35,450.202,2.91841,0.94101,1.47877,0.61946,0.55425,0.48151,0.13515,3.51364,0.90372,1.61972,0.00173072,0.00173072,0.00173072
36,463.517,2.94165,0.86961,1.50562,0.65081,0.68035,0.64563,0.22172,2.80426,0.8164,1.39139,0.0017228,0.0017228,0.0017228
37,476.995,2.91908,0.91412,1.49419,0.55925,0.39883,0.3845,0.13624,3.01368,1.54141,1.4599,0.00171488,0.00171488,0.00171488
38,490.661,2.90706,0.87742,1.45651,0.40454,0.33072,0.25759,0.0682,3.59485,1.15377,1.55655,0.00170696,0.00170696,0.00170696
39,504.941,2.9316,0.85423,1.47599,0.80568,0.69208,0.75592,0.26405,2.84115,0.77387,1.38693,0.00169904,0.00169904,0.00169904
40,519.285,2.9209,0.88301,1.46403,0.70373,0.71554,0.72747,0.26253,2.72264,0.78447,1.36436,0.00169112,0.00169112,0.00169112
41,533.339,2.94498,0.87133,1.48229,0.86531,0.73607,0.79952,0.3113,2.65772,0.71904,1.35617,0.0016832,0.0016832,0.0016832
42,547.353,2.82672,0.83159,1.43596,0.52641,0.45161,0.40692,0.13191,3.40214,1.19859,1.53051,0.00167528,0.00167528,0.00167528
43,560.978,2.89547,0.85145,1.47063,0.79531,0.66862,0.7283,0.25987,2.76018,0.8069,1.38257,0.00166736,0.00166736,0.00166736
44,574.7,2.89953,0.82651,1.45907,0.79417,0.63343,0.71977,0.28578,2.71693,0.91383,1.36609,0.00165944,0.00165944,0.00165944
45,588.81,2.94692,0.84469,1.43113,0.66029,0.6393,0.6704,0.2533,2.63648,0.95816,1.34723,0.00165152,0.00165152,0.00165152
46,602.763,2.8725,0.864,1.46098,0.82648,0.61584,0.73851,0.30618,2.62571,0.84937,1.35538,0.0016436,0.0016436,0.0016436
47,617.009,2.83121,0.80956,1.4774,0.83462,0.69208,0.79223,0.31444,2.73522,0.70731,1.38406,0.00163568,0.00163568,0.00163568
48,631.11,2.94533,0.86469,1.4596,0.83184,0.65982,0.80659,0.33034,2.52846,0.69727,1.32491,0.00162776,0.00162776,0.00162776
49,645.135,2.89107,0.81023,1.45694,0.87961,0.7654,0.82458,0.30397,2.6358,0.66137,1.34811,0.00161984,0.00161984,0.00161984
50,658.999,2.8295,0.83901,1.44068,0.83217,0.69501,0.75319,0.26349,2.90544,0.88325,1.40434,0.00161192,0.00161192,0.00161192
51,672.544,2.81825,0.79799,1.44266,0.7606,0.68946,0.74364,0.28403,2.62089,0.76541,1.35306,0.001604,0.001604,0.001604
52,686.175,2.86506,0.84255,1.4404,0.79307,0.73056,0.76462,0.26038,2.74564,0.83968,1.36134,0.00159608,0.00159608,0.00159608
53,699.942,2.87967,0.8273,1.46415,0.82712,0.75367,0.80823,0.30925,2.60396,0.72299,1.35512,0.00158816,0.00158816,0.00158816
54,713.674,2.83252,0.81309,1.43508,0.91674,0.80645,0.87676,0.3691,2.54125,0.64438,1.3234,0.00158024,0.00158024,0.00158024
55,726.621,2.73733,0.76663,1.44333,0.60967,0.60704,0.55722,0.18497,3.08293,0.98705,1.4494,0.00157232,0.00157232,0.00157232
56,739.611,2.85307,0.78186,1.44935,0.78588,0.62463,0.68075,0.25192,2.69786,0.8981,1.36397,0.0015644,0.0015644,0.0015644
57,752.384,2.86711,0.82063,1.46134,0.81767,0.73646,0.79807,0.27705,2.66162,0.73764,1.34879,0.00155648,0.00155648,0.00155648
58,764.854,2.77745,0.78654,1.44332,0.85747,0.76246,0.77952,0.27235,2.91102,0.79404,1.39869,0.00154856,0.00154856,0.00154856
59,777.108,2.83812,0.81229,1.46858,0.89719,0.63636,0.75573,0.29272,2.76556,0.95724,1.38821,0.00154064,0.00154064,0.00154064
60,789.528,2.8302,0.74503,1.4488,0.90067,0.77713,0.87535,0.35808,2.58116,0.64861,1.32905,0.00153272,0.00153272,0.00153272
61,801.967,2.77523,0.78949,1.42204,0.86606,0.82111,0.8694,0.35024,2.53523,0.64679,1.32745,0.0015248,0.0015248,0.0015248
62,814.618,2.84031,0.76994,1.44951,0.8244,0.79852,0.81571,0.2722,2.82189,0.70183,1.38844,0.00151688,0.00151688,0.00151688
63,827.287,2.8219,0.75583,1.44515,0.87669,0.65689,0.76647,0.26365,2.99581,0.82534,1.42848,0.00150896,0.00150896,0.00150896
64,839.974,2.86675,0.78172,1.45351,0.29208,0.26393,0.19217,0.05925,3.96392,1.31747,1.64853,0.00150104,0.00150104,0.00150104
65,852.452,2.8302,0.76401,1.45819,0.54064,0.46041,0.42794,0.12647,3.35576,1.10924,1.52067,0.00149312,0.00149312,0.00149312
66,864.82,2.81497,0.76695,1.45627,0.82854,0.74194,0.76501,0.2493,3.00256,0.72645,1.41938,0.0014852,0.0014852,0.0014852
67,877.318,2.81521,0.76188,1.44069,0.79012,0.72141,0.70691,0.23086,2.84141,0.7106,1.37968,0.00147728,0.00147728,0.00147728
68,889.709,2.83834,0.76061,1.44226,0.8982,0.75953,0.8264,0.32269,2.76798,0.72456,1.37109,0.00146936,0.00146936,0.00146936
69,902.076,2.80909,0.77839,1.4365,0.76385,0.69795,0.76035,0.29629,2.62439,0.78016,1.34232,0.00146144,0.00146144,0.00146144
70,914.52,2.86663,0.80436,1.4581,0.76236,0.58358,0.65885,0.27376,2.80812,0.92345,1.40033,0.00145352,0.00145352,0.00145352
71,926.966,2.82441,0.78819,1.43702,0.83687,0.77713,0.84184,0.32597,2.57926,0.66095,1.33071,0.0014456,0.0014456,0.0014456
72,939.729,2.80994,0.731,1.46209,0.88237,0.81818,0.86925,0.31799,2.69066,0.63058,1.34805,0.00143768,0.00143768,0.00143768
73,953.034,2.78678,0.73102,1.43975,0.87813,0.71844,0.83314,0.34174,2.5507,0.73211,1.32664,0.00142976,0.00142976,0.00142976
74,966.004,2.79681,0.73334,1.44001,0.92324,0.83871,0.91182,0.37984,2.50752,0.60431,1.32416,0.00142184,0.00142184,0.00142184
75,979.161,2.78949,0.72168,1.41633,0.52808,0.44868,0.40009,0.12243,3.43985,1.06513,1.53413,0.00141392,0.00141392,0.00141392
76,992.054,2.78306,0.7573,1.46375,0.88084,0.74194,0.8498,0.35005,2.60646,0.69498,1.34114,0.001406,0.001406,0.001406
77,1004.69,2.81096,0.75758,1.42723,0.90392,0.80352,0.83709,0.3118,2.69579,0.6746,1.35781,0.00139808,0.00139808,0.00139808
78,1017.09,2.78413,0.73758,1.45185,0.93865,0.77419,0.87386,0.36359,2.61339,0.65082,1.33396,0.00139016,0.00139016,0.00139016
79,1030.46,2.79425,0.72172,1.45129,0.90555,0.81818,0.86434,0.32923,2.70409,0.64995,1.36167,0.00138224,0.00138224,0.00138224
80,1043.81,2.76963,0.74051,1.41101,0.93152,0.7654,0.8646,0.35599,2.63134,0.63778,1.3449,0.00137432,0.00137432,0.00137432
81,1057.01,2.74367,0.72365,1.43032,0.87258,0.739,0.8216,0.32067,2.70978,0.76406,1.36027,0.0013664,0.0013664,0.0013664
82,1069.65,2.77528,0.72005,1.45212,0.36049,0.31085,0.23022,0.07501,3.77777,1.39471,1.64448,0.00135848,0.00135848,0.00135848
83,1082.06,2.75018,0.73608,1.42354,0.90697,0.77196,0.86641,0.3619,2.53227,0.69266,1.32156,0.00135056,0.00135056,0.00135056
84,1094.37,2.73701,0.7231,1.43179,0.91971,0.85044,0.89726,0.35453,2.60581,0.6224,1.33321,0.00134264,0.00134264,0.00134264
85,1106.82,2.77543,0.74018,1.42585,0.90138,0.82991,0.8867,0.34604,2.61602,0.63327,1.33584,0.00133472,0.00133472,0.00133472
86,1119.61,2.75257,0.75424,1.43629,0.94025,0.85044,0.91862,0.40489,2.48831,0.57998,1.31204,0.0013268,0.0013268,0.0013268
87,1132.14,2.75525,0.74854,1.4394,0.78644,0.53959,0.57778,0.20481,3.06552,1.04432,1.47011,0.00131888,0.00131888,0.00131888
88,1144.75,2.70939,0.72855,1.4298,0.85035,0.78299,0.8538,0.3354,2.59191,0.709,1.33581,0.00131096,0.00131096,0.00131096
89,1156.98,2.75234,0.73609,1.42385,0.90592,0.75953,0.83762,0.30781,2.90212,0.67607,1.40299,0.00130304,0.00130304,0.00130304
90,1170.08,2.71162,0.72586,1.44099,0.82231,0.739,0.78816,0.27963,2.79451,0.71662,1.38783,0.00129512,0.00129512,0.00129512
91,1183.67,2.74909,0.73522,1.41697,0.93069,0.87683,0.93227,0.38307,2.47709,0.607,1.31227,0.0012872,0.0012872,0.0012872
92,1196.48,2.73676,0.73877,1.43305,0.94954,0.85924,0.93432,0.39013,2.51401,0.62003,1.32023,0.00127928,0.00127928,0.00127928
93,1209.15,2.77148,0.71233,1.41692,0.94413,0.77419,0.89832,0.38685,2.51729,0.68831,1.3238,0.00127136,0.00127136,0.00127136
94,1222.09,2.70832,0.73196,1.40911,0.88831,0.65307,0.80969,0.34483,2.56514,0.82075,1.32884,0.00126344,0.00126344,0.00126344
95,1234.94,2.75061,0.71581,1.43579,0.89293,0.82405,0.85712,0.31432,2.71562,0.63085,1.35944,0.00125552,0.00125552,0.00125552
96,1247.9,2.75232,0.69816,1.44967,0.92753,0.84751,0.90731,0.37571,2.56001,0.58895,1.32322,0.0012476,0.0012476,0.0012476
97,1260.7,2.79644,0.7275,1.41393,0.20516,0.15543,0.10239,0.03225,4.57727,1.46346,1.82198,0.00123968,0.00123968,0.00123968
98,1273.16,2.78354,0.72477,1.44965,0.89672,0.73839,0.81632,0.28708,2.88242,0.73717,1.39919,0.00123176,0.00123176,0.00123176
99,1285.89,2.66547,0.70375,1.41778,0.87582,0.73607,0.81116,0.32673,2.58215,0.79623,1.33282,0.00122384,0.00122384,0.00122384
100,1298.25,2.69158,0.66928,1.43427,0.93149,0.87719,0.92104,0.38722,2.50606,0.57528,1.31124,0.00121592,0.00121592,0.00121592
101,1311.02,2.75857,0.69489,1.4321,0.89205,0.82392,0.85237,0.31727,2.67747,0.63068,1.34694,0.001208,0.001208,0.001208
102,1323.84,2.78113,0.72321,1.41647,0.91499,0.78886,0.8624,0.33853,2.67518,0.65514,1.35114,0.00120008,0.00120008,0.00120008
103,1336.69,2.75019,0.72993,1.41592,0.89348,0.82111,0.86686,0.3342,2.66054,0.64599,1.34397,0.00119216,0.00119216,0.00119216
104,1349.63,2.74391,0.72513,1.40545,0.84534,0.62463,0.71189,0.27088,2.70251,1.03587,1.37373,0.00118424,0.00118424,0.00118424
105,1362.45,2.77376,0.7105,1.41154,0.7536,0.64576,0.6684,0.2487,2.8616,0.84177,1.41234,0.00117632,0.00117632,0.00117632
106,1375.61,2.7149,0.68641,1.41748,0.91811,0.85488,0.88602,0.36547,2.61174,0.59328,1.33032,0.0011684,0.0011684,0.0011684
107,1388.24,2.69292,0.68874,1.41493,0.90282,0.82405,0.88551,0.34853,2.55992,0.63459,1.32748,0.00116048,0.00116048,0.00116048
108,1401.02,2.74366,0.70285,1.44735,0.92967,0.89153,0.9214,0.37761,2.54658,0.56809,1.31812,0.00115256,0.00115256,0.00115256
109,1414.1,2.76763,0.70333,1.41422,0.92021,0.8455,0.90257,0.38373,2.57858,0.60536,1.34025,0.00114464,0.00114464,0.00114464
110,1427.24,2.76276,0.70824,1.40143,0.90949,0.85454,0.89539,0.34936,2.58423,0.62151,1.3265,0.00113672,0.00113672,0.00113672
111,1439.95,2.69356,0.68506,1.40154,0.89961,0.80938,0.85753,0.30096,2.96034,0.65404,1.41991,0.0011288,0.0011288,0.0011288
112,1452.88,2.7944,0.72903,1.43133,0.86294,0.60704,0.70146,0.28917,2.64327,1.04587,1.35658,0.00112088,0.00112088,0.00112088
113,1465.65,2.75244,0.70291,1.43562,0.87714,0.77466,0.83547,0.30643,2.69356,0.66422,1.35328,0.00111296,0.00111296,0.00111296
114,1478.96,2.718,0.69871,1.41561,0.944,0.86804,0.91905,0.38671,2.51379,0.5917,1.31275,0.00110504,0.00110504,0.00110504
115,1492.22,2.76669,0.72195,1.41018,0.89085,0.73607,0.86057,0.35975,2.63157,0.74093,1.35134,0.00109712,0.00109712,0.00109712
116,1505.35,2.73158,0.70842,1.42791,0.93147,0.8827,0.91833,0.37704,2.48343,0.57973,1.3048,0.0010892,0.0010892,0.0010892
117,1518.48,2.75218,0.70597,1.44414,0.72516,0.68088,0.66272,0.23751,2.8717,0.75658,1.41048,0.00108128,0.00108128,0.00108128
118,1531.31,2.70974,0.6751,1.43423,0.94981,0.88796,0.93625,0.40104,2.53984,0.56419,1.3238,0.00107336,0.00107336,0.00107336
119,1544.05,2.59431,0.66499,1.39633,0.83992,0.75073,0.77805,0.25082,3.01593,0.74832,1.41187,0.00106544,0.00106544,0.00106544
120,1556.97,2.70252,0.69642,1.42759,0.91542,0.85699,0.89595,0.36649,2.62639,0.59344,1.33853,0.00105752,0.00105752,0.00105752
121,1569.64,2.65847,0.68587,1.39841,0.92124,0.82698,0.89536,0.38513,2.51986,0.67345,1.3204,0.0010496,0.0010496,0.0010496
122,1582.42,2.6792,0.66413,1.40326,0.89647,0.87977,0.90771,0.35737,2.57249,0.59046,1.32072,0.00104168,0.00104168,0.00104168
123,1595.36,2.66443,0.66906,1.41261,0.8469,0.76244,0.7856,0.29505,2.89809,0.74504,1.40619,0.00103376,0.00103376,0.00103376
124,1608.21,2.69235,0.69329,1.39475,0.7681,0.71554,0.71205,0.24559,2.89705,0.71826,1.39308,0.00102584,0.00102584,0.00102584
125,1620.9,2.70446,0.68512,1.40222,0.90857,0.84512,0.88383,0.34365,2.64184,0.60519,1.33425,0.00101792,0.00101792,0.00101792
126,1633.61,2.68488,0.69064,1.42089,0.92376,0.87097,0.90379,0.35758,2.60956,0.59065,1.32659,0.00101,0.00101,0.00101
127,1646.32,2.64617,0.67557,1.41984,0.9524,0.88012,0.93067,0.39258,2.45163,0.55498,1.302,0.00100208,0.00100208,0.00100208
128,1659.03,2.6827,0.67769,1.40732,0.92691,0.88563,0.92934,0.40564,2.40236,0.55455,1.29004,0.00099416,0.00099416,0.00099416
129,1671.73,2.67966,0.66992,1.42413,0.92404,0.82111,0.87076,0.35342,2.67063,0.61472,1.34384,0.00098624,0.00098624,0.00098624
130,1684.52,2.69599,0.68048,1.40722,0.91292,0.7686,0.86523,0.36307,2.69804,0.71181,1.3617,0.00097832,0.00097832,0.00097832
131,1697.17,2.71878,0.67797,1.43605,0.92472,0.86456,0.90952,0.37215,2.54714,0.58819,1.31771,0.0009704,0.0009704,0.0009704
132,1709.65,2.64676,0.65836,1.42107,0.88994,0.85337,0.89006,0.35658,2.65258,0.58533,1.34907,0.00096248,0.00096248,0.00096248
133,1722.28,2.63047,0.68247,1.41989,0.92639,0.84888,0.88867,0.34124,2.5766,0.59488,1.31574,0.00095456,0.00095456,0.00095456
134,1734.88,2.70234,0.68786,1.41641,0.8635,0.74204,0.86308,0.36347,2.55239,0.73847,1.32364,0.00094664,0.00094664,0.00094664
135,1747.51,2.64994,0.64761,1.40678,0.92908,0.85337,0.88576,0.34109,2.66854,0.58581,1.33977,0.00093872,0.00093872,0.00093872
136,1761.23,2.64613,0.66497,1.40278,0.88009,0.78299,0.83828,0.3258,2.70961,0.65541,1.35498,0.0009308,0.0009308,0.0009308
137,1774.2,2.6354,0.65397,1.39644,0.91609,0.83578,0.86987,0.3203,2.73934,0.62683,1.3622,0.00092288,0.00092288,0.00092288
138,1787.52,2.66006,0.66765,1.41425,0.94313,0.8754,0.91241,0.37191,2.60087,0.57569,1.34008,0.00091496,0.00091496,0.00091496
139,1800.31,2.64996,0.6686,1.40362,0.93819,0.87977,0.93443,0.39723,2.46297,0.57198,1.29869,0.00090704,0.00090704,0.00090704
140,1812.76,2.73308,0.67116,1.42957,0.71335,0.6495,0.6352,0.23431,2.98808,0.84822,1.42291,0.00089912,0.00089912,0.00089912
141,1825.93,2.68339,0.64035,1.41805,0.93035,0.86179,0.9119,0.36683,2.57059,0.58374,1.32588,0.0008912,0.0008912,0.0008912
142,1839.49,2.63653,0.652,1.36221,0.94916,0.80059,0.88993,0.35473,2.68318,0.65302,1.3504,0.00088328,0.00088328,0.00088328
143,1853.08,2.64424,0.65563,1.41797,0.81017,0.75953,0.74113,0.26677,2.85361,0.67494,1.39551,0.00087536,0.00087536,0.00087536
144,1866.16,2.6508,0.65973,1.38212,0.91688,0.91202,0.94163,0.41664,2.45629,0.55295,1.30581,0.00086744,0.00086744,0.00086744
145,1880.06,2.67903,0.64906,1.41495,0.92834,0.8915,0.92068,0.37393,2.60122,0.57054,1.3316,0.00085952,0.00085952,0.00085952
146,1893.04,2.59266,0.65031,1.40018,0.9032,0.82698,0.87643,0.35093,2.70128,0.62876,1.35045,0.0008516,0.0008516,0.0008516
147,1906.05,2.65656,0.65676,1.39602,0.90694,0.57162,0.6961,0.26954,2.78815,1.05727,1.38415,0.00084368,0.00084368,0.00084368
148,1918.94,2.62402,0.65292,1.40182,0.56947,0.44868,0.38849,0.12221,3.53734,0.97195,1.59856,0.00083576,0.00083576,0.00083576
149,1931.78,2.66983,0.6485,1.41737,0.90285,0.89736,0.91942,0.39096,2.53659,0.55675,1.31082,0.00082784,0.00082784,0.00082784
150,1944.33,2.63161,0.63647,1.43371,0.90886,0.85924,0.90115,0.35665,2.58737,0.57361,1.31757,0.00081992,0.00081992,0.00081992
151,1957.33,2.66648,0.64729,1.42365,0.73401,0.6217,0.61629,0.22983,3.06514,0.86814,1.46101,0.000812,0.000812,0.000812
152,1970.35,2.61455,0.64135,1.40517,0.933,0.88856,0.92811,0.39415,2.52984,0.554,1.31347,0.00080408,0.00080408,0.00080408
153,1983.64,2.6574,0.65308,1.41739,0.92097,0.85437,0.91026,0.40314,2.47639,0.64163,1.30795,0.00079616,0.00079616,0.00079616
154,1996.46,2.64713,0.62797,1.40727,0.93253,0.88856,0.91861,0.39756,2.50891,0.54747,1.30788,0.00078824,0.00078824,0.00078824
155,2010.13,2.6443,0.66609,1.38919,0.9413,0.90323,0.94602,0.4138,2.4569,0.54331,1.30065,0.00078032,0.00078032,0.00078032
156,2023.43,2.64939,0.63773,1.41313,0.92904,0.84468,0.89496,0.34328,2.76677,0.62023,1.37013,0.0007724,0.0007724,0.0007724
157,2036.26,2.70327,0.67138,1.4189,0.93887,0.8558,0.92152,0.39843,2.54218,0.57088,1.32409,0.00076448,0.00076448,0.00076448
158,2048.88,2.59999,0.64117,1.40789,0.93606,0.88856,0.92753,0.39905,2.47914,0.53833,1.30282,0.00075656,0.00075656,0.00075656
159,2061.84,2.62838,0.62595,1.39368,0.94513,0.90916,0.93912,0.39348,2.55342,0.54311,1.31547,0.00074864,0.00074864,0.00074864
160,2075.4,2.6103,0.64743,1.39004,0.93365,0.86665,0.90856,0.35554,2.55789,0.59006,1.317,0.00074072,0.00074072,0.00074072
161,2088.67,2.61386,0.6341,1.38224,0.9269,0.92955,0.95549,0.40565,2.44971,0.54424,1.29912,0.0007328,0.0007328,0.0007328
162,2101.89,2.60036,0.65164,1.37519,0.90116,0.82405,0.91042,0.3877,2.52933,0.61008,1.31469,0.00072488,0.00072488,0.00072488
163,2115.13,2.58629,0.62783,1.4022,0.86601,0.81818,0.83726,0.30806,2.88102,0.65112,1.38534,0.00071696,0.00071696,0.00071696
164,2127.8,2.5797,0.65379,1.39328,0.93584,0.89825,0.94155,0.39503,2.46766,0.54688,1.29548,0.00070904,0.00070904,0.00070904
165,2140.62,2.69437,0.66228,1.37835,0.94999,0.89126,0.94597,0.40553,2.4951,0.5418,1.30506,0.00070112,0.00070112,0.00070112
166,2154.36,2.60684,0.65052,1.3949,0.91423,0.83871,0.90456,0.38796,2.51388,0.60681,1.30982,0.0006932,0.0006932,0.0006932
167,2167.5,2.60715,0.66115,1.40566,0.92474,0.90086,0.94474,0.40084,2.45448,0.5432,1.29164,0.00068528,0.00068528,0.00068528
168,2180.62,2.61139,0.64096,1.38539,0.93117,0.87277,0.9218,0.36485,2.66708,0.57434,1.33043,0.00067736,0.00067736,0.00067736
169,2193.46,2.59866,0.62512,1.37649,0.95321,0.8962,0.9415,0.40282,2.48278,0.53943,1.30068,0.00066944,0.00066944,0.00066944
170,2206.57,2.61834,0.6407,1.38532,0.93324,0.89736,0.94761,0.39752,2.4631,0.54169,1.29574,0.00066152,0.00066152,0.00066152
171,2220.07,2.6202,0.6651,1.3849,0.9494,0.88044,0.93571,0.39821,2.49291,0.54793,1.30114,0.0006536,0.0006536,0.0006536
172,2233.91,2.59331,0.64639,1.36664,0.84795,0.80938,0.81393,0.28131,2.90556,0.64405,1.39785,0.00064568,0.00064568,0.00064568
173,2246.82,2.61525,0.63172,1.40567,0.95085,0.90616,0.94563,0.42147,2.40133,0.52615,1.28714,0.00063776,0.00063776,0.00063776
174,2259.55,2.62393,0.64934,1.39821,0.91728,0.85044,0.89772,0.34884,2.65932,0.57866,1.33156,0.00062984,0.00062984,0.00062984
175,2272.4,2.58692,0.60923,1.37664,0.95701,0.90323,0.95275,0.40848,2.48403,0.52911,1.30329,0.00062192,0.00062192,0.00062192
176,2285.25,2.59904,0.63166,1.38519,0.92777,0.90406,0.95044,0.40948,2.45743,0.54263,1.2959,0.000614,0.000614,0.000614
177,2298.19,2.56278,0.61023,1.39483,0.94613,0.91496,0.9512,0.41195,2.45167,0.52239,1.29699,0.00060608,0.00060608,0.00060608
178,2311.13,2.59229,0.64552,1.35338,0.94482,0.90381,0.95076,0.41259,2.46668,0.54792,1.29904,0.00059816,0.00059816,0.00059816
179,2324.81,2.64657,0.63416,1.3862,0.96341,0.89736,0.95386,0.41343,2.456,0.54413,1.29766,0.00059024,0.00059024,0.00059024
180,2338.57,2.5272,0.60834,1.38393,0.9444,0.89654,0.94386,0.40894,2.48839,0.53875,1.30297,0.00058232,0.00058232,0.00058232
181,2351.76,2.56747,0.63881,1.38556,0.92985,0.86804,0.91081,0.34328,2.66291,0.57362,1.33226,0.0005744,0.0005744,0.0005744
182,2364.67,2.60346,0.63995,1.40401,0.9334,0.90616,0.94923,0.40493,2.47902,0.55175,1.29688,0.00056648,0.00056648,0.00056648
183,2377.88,2.59193,0.63088,1.39558,0.89628,0.88563,0.92021,0.38447,2.52187,0.56644,1.31357,0.00055856,0.00055856,0.00055856
184,2391.43,2.60069,0.63721,1.38163,0.91059,0.83578,0.88284,0.32897,2.67089,0.61296,1.34154,0.00055064,0.00055064,0.00055064
185,2404.15,2.58109,0.61674,1.38021,0.95439,0.8915,0.95098,0.41779,2.43381,0.5314,1.2897,0.00054272,0.00054272,0.00054272
186,2417.01,2.58758,0.60283,1.39138,0.93297,0.90909,0.95261,0.41969,2.4152,0.53831,1.28702,0.0005348,0.0005348,0.0005348
187,2429.91,2.57923,0.61107,1.38826,0.94177,0.90616,0.94279,0.40691,2.48111,0.54066,1.29814,0.00052688,0.00052688,0.00052688
188,2442.34,2.6222,0.61785,1.40364,0.9183,0.85706,0.92898,0.40349,2.54251,0.56536,1.32263,0.00051896,0.00051896,0.00051896
189,2455.25,2.55701,0.60103,1.4026,0.95632,0.89887,0.95717,0.41229,2.45947,0.52429,1.29503,0.00051104,0.00051104,0.00051104
190,2468.06,2.50725,0.59752,1.36667,0.95002,0.89185,0.94766,0.40852,2.48798,0.53818,1.30351,0.00050312,0.00050312,0.00050312
191,2480.75,2.58831,0.62294,1.40442,0.95312,0.90029,0.94476,0.39129,2.53225,0.51587,1.31785,0.0004952,0.0004952,0.0004952
192,2493.61,2.53121,0.60901,1.38628,0.94317,0.87599,0.9381,0.38919,2.57389,0.56523,1.31948,0.00048728,0.00048728,0.00048728
193,2506.49,2.55158,0.61095,1.39066,0.94982,0.88815,0.93964,0.3858,2.57778,0.53879,1.3291,0.00047936,0.00047936,0.00047936
194,2519.43,2.5818,0.64653,1.37212,0.9437,0.90323,0.94588,0.41949,2.47448,0.53459,1.30196,0.00047144,0.00047144,0.00047144
195,2533.01,2.58533,0.61909,1.38695,0.94868,0.89443,0.94665,0.39797,2.45924,0.53511,1.29433,0.00046352,0.00046352,0.00046352
196,2546.12,2.52675,0.59253,1.38467,0.93953,0.91122,0.96447,0.43821,2.3624,0.51561,1.27791,0.0004556,0.0004556,0.0004556
197,2559,2.59793,0.61303,1.39439,0.9379,0.8915,0.93545,0.38727,2.57516,0.54428,1.31677,0.00044768,0.00044768,0.00044768
198,2571.81,2.57715,0.60411,1.3848,0.96086,0.89736,0.95443,0.43105,2.40039,0.51975,1.28634,0.00043976,0.00043976,0.00043976
199,2584.37,2.62869,0.63854,1.38542,0.95293,0.89443,0.95333,0.39204,2.46814,0.54217,1.29764,0.00043184,0.00043184,0.00043184
200,2596.92,2.51814,0.61434,1.36912,0.96097,0.89736,0.94525,0.41879,2.4364,0.53441,1.2909,0.00042392,0.00042392,0.00042392
201,2609.29,2.63283,0.63616,1.41756,0.95396,0.87683,0.94025,0.41988,2.43541,0.52165,1.29165,0.000416,0.000416,0.000416
202,2621.68,2.50588,0.59149,1.38588,0.92028,0.91398,0.94313,0.40688,2.47165,0.53413,1.29283,0.00040808,0.00040808,0.00040808
203,2634.16,2.4895,0.58319,1.36494,0.94007,0.91995,0.96175,0.42761,2.42607,0.50943,1.28572,0.00040016,0.00040016,0.00040016
204,2646.8,2.49755,0.59259,1.37483,0.94428,0.90029,0.95658,0.41854,2.44381,0.52287,1.29623,0.00039224,0.00039224,0.00039224
205,2659.69,2.58086,0.61493,1.38787,0.95037,0.90323,0.95142,0.4224,2.46352,0.52826,1.29273,0.00038432,0.00038432,0.00038432
206,2672.21,2.58318,0.6253,1.40411,0.92713,0.92375,0.96307,0.43005,2.40457,0.5305,1.28031,0.0003764,0.0003764,0.0003764
207,2684.69,2.58708,0.63466,1.39144,0.94607,0.90323,0.94849,0.4133,2.50129,0.5249,1.30229,0.00036848,0.00036848,0.00036848
208,2697.67,2.5479,0.61845,1.37814,0.96678,0.91202,0.9672,0.42676,2.44701,0.51026,1.291,0.00036056,0.00036056,0.00036056
209,2710.58,2.58609,0.63884,1.38044,0.95028,0.93255,0.96386,0.42463,2.40372,0.51667,1.28518,0.00035264,0.00035264,0.00035264
210,2723.17,2.52457,0.59441,1.38979,0.95217,0.93414,0.95874,0.42989,2.38504,0.51185,1.28007,0.00034472,0.00034472,0.00034472
211,2736.08,2.52899,0.59821,1.3809,0.9293,0.92082,0.96066,0.42547,2.40069,0.50656,1.28174,0.0003368,0.0003368,0.0003368
212,2748.98,2.59296,0.62575,1.41291,0.95652,0.90329,0.95156,0.42543,2.46377,0.51095,1.29541,0.00032888,0.00032888,0.00032888
213,2761.73,2.54442,0.60195,1.37585,0.94383,0.93631,0.96179,0.43171,2.39852,0.51407,1.28035,0.00032096,0.00032096,0.00032096
214,2774.39,2.50228,0.58526,1.37586,0.96072,0.93235,0.96832,0.43359,2.3935,0.50679,1.28076,0.00031304,0.00031304,0.00031304
215,2786.85,2.50306,0.59339,1.37835,0.92221,0.86913,0.90377,0.35774,2.60068,0.57952,1.32007,0.00030512,0.00030512,0.00030512
216,2799.26,2.58294,0.6133,1.37249,0.9627,0.90822,0.95957,0.42908,2.41165,0.5169,1.28502,0.0002972,0.0002972,0.0002972
217,2812.16,2.52283,0.6133,1.36222,0.9539,0.91021,0.95846,0.44438,2.35932,0.51589,1.27321,0.00028928,0.00028928,0.00028928
218,2825.5,2.48647,0.59846,1.35295,0.946,0.92471,0.96306,0.42898,2.41183,0.51488,1.28195,0.00028136,0.00028136,0.00028136
219,2838.91,2.5487,0.60194,1.4018,0.94088,0.9334,0.96521,0.42388,2.41378,0.50759,1.28249,0.00027344,0.00027344,0.00027344
220,2851.92,2.50825,0.56626,1.38696,0.94249,0.94721,0.96957,0.43893,2.38598,0.50282,1.27755,0.00026552,0.00026552,0.00026552
221,2865.46,2.51381,0.58251,1.37625,0.94375,0.93492,0.96438,0.43824,2.41761,0.51013,1.28207,0.0002576,0.0002576,0.0002576
222,2878.15,2.53068,0.61507,1.36376,0.93017,0.95308,0.96449,0.42754,2.44351,0.51644,1.28535,0.00024968,0.00024968,0.00024968
223,2890.69,2.51289,0.59579,1.36762,0.91445,0.92082,0.94719,0.39314,2.49683,0.54002,1.29475,0.00024176,0.00024176,0.00024176
224,2903.33,2.56133,0.58897,1.39933,0.9406,0.92879,0.96478,0.41341,2.47956,0.5199,1.29465,0.00023384,0.00023384,0.00023384
225,2916.12,2.49259,0.58619,1.37772,0.97375,0.90616,0.97291,0.43766,2.39853,0.50228,1.27928,0.00022592,0.00022592,0.00022592
226,2928.63,2.55206,0.60077,1.39555,0.94185,0.91789,0.96319,0.42732,2.40517,0.5101,1.28296,0.000218,0.000218,0.000218
227,2941.3,2.47601,0.58861,1.38024,0.95517,0.95015,0.97689,0.43455,2.40966,0.50556,1.2817,0.00021008,0.00021008,0.00021008
228,2953.99,2.5028,0.62305,1.37051,0.95445,0.92173,0.96488,0.43575,2.3977,0.51163,1.27865,0.00020216,0.00020216,0.00020216
229,2967.06,2.47855,0.61145,1.36715,0.95217,0.94721,0.97211,0.44258,2.39173,0.5066,1.27518,0.00019424,0.00019424,0.00019424
230,2980.12,2.473,0.56939,1.36331,0.93009,0.94428,0.96415,0.42775,2.44457,0.50844,1.28645,0.00018632,0.00018632,0.00018632
231,2992.74,2.47915,0.58857,1.37112,0.95409,0.92669,0.96767,0.44019,2.39274,0.50436,1.27993,0.0001784,0.0001784,0.0001784
232,3005.59,2.51066,0.62492,1.35867,0.93514,0.94428,0.96525,0.42645,2.4172,0.51578,1.28482,0.00017048,0.00017048,0.00017048
233,3017.9,2.52474,0.5901,1.37726,0.94129,0.92082,0.9632,0.42149,2.43916,0.5222,1.28939,0.00016256,0.00016256,0.00016256
234,3030.27,2.52376,0.58833,1.37639,0.93856,0.94072,0.9719,0.43235,2.41345,0.509,1.28139,0.00015464,0.00015464,0.00015464
235,3042.71,2.54282,0.61666,1.38787,0.91416,0.93687,0.963,0.42049,2.40802,0.51436,1.27986,0.00014672,0.00014672,0.00014672
236,3057.2,2.39698,0.5221,1.43077,0.93402,0.91334,0.95929,0.42057,2.44607,0.51007,1.28924,0.0001388,0.0001388,0.0001388
237,3069.95,2.40244,0.53186,1.45526,0.94809,0.90616,0.96378,0.43372,2.40841,0.50755,1.28044,0.00013088,0.00013088,0.00013088
238,3082.55,2.38734,0.52438,1.43348,0.9515,0.90323,0.96103,0.4261,2.42243,0.51007,1.27888,0.00012296,0.00012296,0.00012296
239,3094.91,2.42262,0.51779,1.44606,0.92538,0.90915,0.96082,0.43281,2.39806,0.50244,1.27705,0.00011504,0.00011504,0.00011504
240,3107.62,2.37352,0.50824,1.42223,0.94228,0.90961,0.96414,0.43302,2.40934,0.50483,1.27843,0.00010712,0.00010712,0.00010712
241,3120.25,2.41544,0.5295,1.42972,0.94525,0.90029,0.95692,0.43347,2.40505,0.50873,1.27992,9.92e-05,9.92e-05,9.92e-05
242,3133.02,2.37658,0.50796,1.4222,0.94478,0.90306,0.95762,0.42854,2.42047,0.51031,1.28283,9.128e-05,9.128e-05,9.128e-05
243,3146.14,2.3694,0.51257,1.43454,0.94398,0.88943,0.95848,0.42685,2.44419,0.51227,1.28643,8.336e-05,8.336e-05,8.336e-05
244,3158.93,2.38169,0.51129,1.43499,0.94518,0.9102,0.9633,0.43582,2.41249,0.50615,1.27917,7.544e-05,7.544e-05,7.544e-05
245,3171.76,2.39814,0.50955,1.42564,0.92706,0.93185,0.96217,0.4355,2.40731,0.50375,1.28095,6.752e-05,6.752e-05,6.752e-05
246,3184.93,2.37687,0.50326,1.44082,0.92175,0.93266,0.9659,0.43599,2.40573,0.50231,1.2793,5.96e-05,5.96e-05,5.96e-05
247,3197.66,2.37666,0.51349,1.41722,0.93802,0.93209,0.96886,0.4408,2.40175,0.50091,1.27867,5.168e-05,5.168e-05,5.168e-05
248,3210.53,2.38567,0.51061,1.4127,0.92696,0.93255,0.96285,0.44319,2.39083,0.50086,1.27743,4.376e-05,4.376e-05,4.376e-05
249,3223.6,2.37742,0.51263,1.41382,0.93079,0.92962,0.96503,0.44316,2.39368,0.50072,1.27711,3.584e-05,3.584e-05,3.584e-05
250,3236.13,2.36071,0.5137,1.42802,0.94595,0.92669,0.97045,0.43778,2.39948,0.50145,1.27854,2.792e-05,2.792e-05,2.792e-05
